{
	"info": {
		"_postman_id": "e77984dd-d739-4545-8584-57fc74f397a6",
		"name": "user event",
		"schema": "https://schema.getpostman.com/json/collection/v2.1.0/collection.json"
	},
	"item": [
		{
			"name": "https://o2g.company.com/api/rest/authenticate?version=1.0",
			"request": {
				"auth": {
					"type": "basic",
					"basic": [
						{
							"key": "username",
							"value": "oxe31001",
							"type": "string"
						},
						{
							"key": "password",
							"value": "0000",
							"type": "string"
						}
					]
				},
				"method": "GET",
				"header": [],
				"body": {
					"mode": "raw",
					"raw": ""
				},
				"url": {
					"raw": "https://o2g.company.com/api/rest/authenticate?version=1.0",
					"protocol": "https",
					"host": [
						"o2g",
						"company",
						"com"
					],
					"path": [
						"api",
						"rest",
						"authenticate"
					],
					"query": [
						{
							"key": "version",
							"value": "1.0"
						}
					]
				}
			},
			"response": []
		},
		{
			"name": "https://o2g.company.com/api/rest/1.0/sessions",
			"request": {
				"method": "POST",
				"header": [
					{
						"key": "Content-Type",
						"name": "Content-Type",
						"value": "application/json",
						"type": "text"
					}
				],
				"body": {
					"mode": "raw",
					"raw": "{\n    \"applicationName\": \"TESTS_API\"\n}"
				},
				"url": {
					"raw": "https://o2g.company.com/api/rest/1.0/sessions",
					"protocol": "https",
					"host": [
						"o2g",
						"company",
						"com"
					],
					"path": [
						"api",
						"rest",
						"1.0",
						"sessions"
					]
				}
			},
			"response": []
		},
		{
			"name": "https://o2g.company.com/api/rest/1.0/logins",
			"protocolProfileBehavior": {
				"disableBodyPruning": true
			},
			"request": {
				"method": "GET",
				"header": [],
				"body": {
					"mode": "raw",
					"raw": ""
				},
				"url": {
					"raw": "https://o2g.company.com/api/rest/1.0/logins",
					"protocol": "https",
					"host": [
						"o2g",
						"company",
						"com"
					],
					"path": [
						"api",
						"rest",
						"1.0",
						"logins"
					]
				}
			},
			"response": []
		},
		{
			"name": "https://o2g.company.com/api/rest/1.0/eventSummary",
			"request": {
				"method": "GET",
				"header": [],
				"body": {
					"mode": "raw",
					"raw": ""
				},
				"url": {
					"raw": "https://o2g.company.com/api/rest/1.0/eventSummary",
					"protocol": "https",
					"host": [
						"o2g",
						"company",
						"com"
					],
					"path": [
						"api",
						"rest",
						"1.0",
						"eventSummary"
					]
				}
			},
			"response": []
		},
		{
			"name": "https://o2g.company.com/api/rest/1.0/sessions",
			"request": {
				"method": "DELETE",
				"header": [
					{
						"key": "Content-Type",
						"name": "Content-Type",
						"type": "text",
						"value": "application/json"
					}
				],
				"body": {
					"mode": "raw",
					"raw": "{\n    \"applicationName\": \"TESTS_API\"\n}"
				},
				"url": {
					"raw": "https://o2g.company.com/api/rest/1.0/sessions",
					"protocol": "https",
					"host": [
						"o2g",
						"company",
						"com"
					],
					"path": [
						"api",
						"rest",
						"1.0",
						"sessions"
					]
				}
			},
			"response": []
		}
	]
}