{
	"info": {
		"_postman_id": "ded68637-be3d-452f-8033-4c36183a3bc3",
		"name": "user session",
		"description": "user 31000 starts a call to user 31001\nand drops the call",
		"schema": "https://schema.getpostman.com/json/collection/v2.1.0/collection.json"
	},
	"item": [
		{
			"name": "https://o2g.company.com/api/rest/authenticate?version=1.0",
			"request": {
				"auth": {
					"type": "basic",
					"basic": [
						{
							"key": "password",
							"value": "0000",
							"type": "string"
						},
						{
							"key": "username",
							"value": "oxe31000",
							"type": "string"
						}
					]
				},
				"method": "GET",
				"header": [],
				"body": {
					"mode": "raw",
					"raw": ""
				},
				"url": {
					"raw": "https://o2g.company.com/api/rest/authenticate?version=1.0",
					"protocol": "https",
					"host": [
						"o2g",
						"company",
						"com"
					],
					"path": [
						"api",
						"rest",
						"authenticate"
					],
					"query": [
						{
							"key": "version",
							"value": "1.0"
						}
					]
				}
			},
			"response": []
		},
		{
			"name": "https://o2g.company.com/api/rest/1.0/sessions",
			"request": {
				"method": "POST",
				"header": [
					{
						"key": "Content-Type",
						"name": "Content-Type",
						"value": "application/json",
						"type": "text"
					}
				],
				"body": {
					"mode": "raw",
					"raw": "{\n    \"applicationName\": \"TESTS_API\"\n}"
				},
				"url": {
					"raw": "https://o2g.company.com/api/rest/1.0/sessions",
					"protocol": "https",
					"host": [
						"o2g",
						"company",
						"com"
					],
					"path": [
						"api",
						"rest",
						"1.0",
						"sessions"
					]
				}
			},
			"response": []
		},
		{
			"name": "https://o2g.company.com/api/rest/1.0/logins",
			"protocolProfileBehavior": {
				"disableBodyPruning": true
			},
			"request": {
				"method": "GET",
				"header": [],
				"body": {
					"mode": "raw",
					"raw": ""
				},
				"url": {
					"raw": "https://o2g.company.com/api/rest/1.0/logins",
					"protocol": "https",
					"host": [
						"o2g",
						"company",
						"com"
					],
					"path": [
						"api",
						"rest",
						"1.0",
						"logins"
					]
				}
			},
			"response": []
		},
		{
			"name": "https://o2g.company.com/api/rest/1.0/users/31000",
			"request": {
				"method": "GET",
				"header": [],
				"body": {
					"mode": "raw",
					"raw": ""
				},
				"url": {
					"raw": "https://o2g.company.com/api/rest/1.0/users/31000",
					"protocol": "https",
					"host": [
						"o2g",
						"company",
						"com"
					],
					"path": [
						"api",
						"rest",
						"1.0",
						"users",
						"31000"
					]
				}
			},
			"response": []
		},
		{
			"name": "https://o2g.company.com/api/rest/1.0/telephony/basicCall",
			"request": {
				"method": "POST",
				"header": [
					{
						"key": "Cookie",
						"value": "",
						"type": "text"
					},
					{
						"key": "Content-Type",
						"value": "application/json",
						"type": "text"
					}
				],
				"body": {
					"mode": "raw",
					"raw": "{\n\t\"deviceId\":\"31000\",\n\t\"callee\":\"31001\",\n\t\"autoAnswer\":true\n}"
				},
				"url": {
					"raw": "https://o2g.company.com/api/rest/1.0/telephony/basicCall",
					"protocol": "https",
					"host": [
						"o2g",
						"company",
						"com"
					],
					"path": [
						"api",
						"rest",
						"1.0",
						"telephony",
						"basicCall"
					]
				}
			},
			"response": []
		},
		{
			"name": "https://o2g.company.com/api/rest/1.0/telephony/basicCall/dropme",
			"request": {
				"method": "POST",
				"header": [],
				"body": {
					"mode": "raw",
					"raw": ""
				},
				"url": {
					"raw": "https://o2g.company.com/api/rest/1.0/telephony/basicCall/dropme",
					"protocol": "https",
					"host": [
						"o2g",
						"company",
						"com"
					],
					"path": [
						"api",
						"rest",
						"1.0",
						"telephony",
						"basicCall",
						"dropme"
					]
				}
			},
			"response": []
		},
		{
			"name": "https://o2g.company.com/api/rest/1.0/sessions",
			"request": {
				"method": "DELETE",
				"header": [
					{
						"key": "Content-Type",
						"name": "Content-Type",
						"value": "application/json",
						"type": "text"
					}
				],
				"body": {
					"mode": "raw",
					"raw": "{\n    \"applicationName\": \"TESTS_API\"\n}"
				},
				"url": {
					"raw": "https://o2g.company.com/api/rest/1.0/sessions",
					"protocol": "https",
					"host": [
						"o2g",
						"company",
						"com"
					],
					"path": [
						"api",
						"rest",
						"1.0",
						"sessions"
					]
				}
			},
			"response": []
		}
	]
}